SignalDate,NextDate,Market,AssetType,Symbol,Name,Sector,MomentumScore,FlowScore,MAD63,TargetWeight,NextMonthReturn,Contribution
2020-01-31,2020-02-28,US,STOCK,AMD,AMD,Information Technology,0.12196486528243039,0.2389963926812498,0.01562756915200536,0.16000000000000003,-0.03234043527156749,-0.0051744696434508
2020-01-31,2020-02-28,US,STOCK,AAPL,Apple,Information Technology,0.10491982403005387,0.23728642370330402,0.007971569956251034,0.16000000000000003,-0.11470142326068244,-0.018352227721709195
2020-01-31,2020-02-28,US,STOCK,LRCX,Lam Research,Information Technology,0.08144606888509218,0.1594577555338585,0.010131158267175921,0.16000000000000003,-0.01602899914653788,-0.0025646398634460617
2020-01-31,2020-02-28,US,STOCK,NOW,ServiceNow,Information Technology,0.08083586610341259,0.14442089871209465,0.007637744169294192,0.16000000000000003,-0.03589275448917428,-0.005742840718267886
2020-01-31,2020-02-28,US,STOCK,NVDA,Nvidia,Information Technology,0.0779194299498002,0.13416128702604457,0.009304239583840523,0.16000000000000003,0.14296639313501225,0.022874622901601964
2020-02-28,2020-03-31,US,STOCK,TSLA,Tesla,Consumer Discretionary,0.2965962527347638,0.8031980391309936,0.018796481740233295,0.15000000000000002,-0.2155570713684315,-0.032333560705264726
2020-02-28,2020-03-31,KR,STOCK,083450,GST,Information Technology,0.19119998563992696,-0.04152904468654766,0.02149831976548222,0.15000000000000002,-0.16129032258064513,-0.024193548387096774
2020-02-28,2020-03-31,US,STOCK,NVDA,Nvidia,Information Technology,0.1121413171380988,0.3251250850645043,0.012013454113250166,0.15000000000000002,-0.023956783774304102,-0.0035935175661456157
2020-02-28,2020-03-31,US,STOCK,NOW,ServiceNow,Information Technology,0.0518484282257799,0.10124160011351135,0.008548724383526496,0.15000000000000002,-0.12116287138870707,-0.018174430708306065
2020-03-31,2020-05-29,US,STOCK,NVDA,Nvidia,Information Technology,0.0691125280760192,0.19290633425804174,0.024001167855091543,0.1875,0.3468137344813482,0.06502757521525279
2020-03-31,2020-05-29,US,STOCK,BIIB,Biogen,Health Care,0.048365403170795775,0.13585097392656637,0.014223988793125253,0.1875,-0.029363450286192694,-0.00550564692866113
2020-03-31,2020-05-29,US,STOCK,GILD,Gilead,Health Care,0.036224682493857865,0.1514944849721289,0.012482685850343178,0.1875,0.0410648919834502,0.007699667246896913
2020-03-31,2020-05-29,US,STOCK,LLY,Eli Lilly,Health Care,0.030863480486588622,0.1603022916208113,0.009686466213040368,0.1875,0.1077713317420308,0.020207124701630774
2020-05-29,2020-06-30,US,STOCK,TSLA,Tesla,Consumer Discretionary,0.3081164085415169,0.4246978166707889,0.028670003456165327,0.16000000000000003,0.2931856328270819,0.04690970125233311
2020-05-29,2020-06-30,US,STOCK,NVDA,Nvidia,Information Technology,0.15883433864829966,0.23526204397636713,0.03049214561533875,0.16000000000000003,0.07059680536492263,0.011295488858387624
2020-05-29,2020-06-30,US,STOCK,AMD,AMD,Information Technology,0.08830743597352769,0.11904774576286536,0.031948821582126974,0.16000000000000003,-0.022118933895620696,-0.0035390294232993122
2020-05-29,2020-06-30,US,STOCK,NOW,ServiceNow,Information Technology,0.07766040694763827,0.14376334830848578,0.03744685916222168,0.16000000000000003,0.044157484174016215,0.007065197467842596
2020-05-29,2020-06-30,US,STOCK,AAPL,Apple,Information Technology,0.0737729970911814,0.08741884294300972,0.019008276256871737,0.16000000000000003,0.1473863177498116,0.02358181083996986
2020-06-30,2020-07-31,US,STOCK,TSLA,Tesla,Consumer Discretionary,0.3976225037686798,0.6661350471093119,0.02700195504443026,0.1875,0.3250108843981532,0.06093954082465372
2020-06-30,2020-07-31,KR,STOCK,174900,앱클론,Health Care,0.2234449702719515,0.06649726673715807,0.027640895543378896,0.1875,-0.47523427041499333,-0.08910642570281124
2020-06-30,2020-07-31,KR,STOCK,083450,GST,Information Technology,0.2168641526313133,0.09771443940413865,0.02102432465468773,0.1875,0.1063829787234043,0.019946808510638306
2020-06-30,2020-07-31,KR,STOCK,007810,코리아써키트,Information Technology,0.16272162097621068,0.02725114244370071,0.02648496618228091,0.1875,0.2558139534883721,0.04796511627906977
2020-07-31,2020-08-31,US,STOCK,TSLA,Tesla,Consumer Discretionary,0.4377586253234165,0.5931031320380842,0.020455637694395623,0.16000000000000003,0.7414521252787116,0.11863234004459389
2020-07-31,2020-08-31,US,STOCK,AMD,AMD,Information Technology,0.19326863825983406,0.35247132275636184,0.014554101609626002,0.16000000000000003,0.17293038017401874,0.027668860827843002
2020-07-31,2020-08-31,US,STOCK,NVDA,Nvidia,Information Technology,0.1822685334207777,0.3249757433694339,0.01805913183019081,0.16000000000000003,0.2599920320686251,0.04159872513098002
2020-07-31,2020-08-31,US,STOCK,AAPL,Apple,Information Technology,0.12564143725031285,0.2136510202071767,0.010636099607429061,0.16000000000000003,0.2165691692529863,0.03465106708047781
2020-07-31,2020-08-31,US,STOCK,LRCX,Lam Research,Information Technology,0.11947160481452974,0.2212245321282488,0.017597502560553258,0.16000000000000003,-0.1082301863373023,-0.01731682981396837
2020-08-31,2020-10-30,US,STOCK,TSLA,Tesla,Consumer Discretionary,0.8519015953657256,1.046400380353186,0.02991035708951939,0.13333333333333333,-0.2213036287910849,-0.029507150505477985
2020-08-31,2020-10-30,US,STOCK,NVDA,Nvidia,Information Technology,0.237656428439942,0.4053381283015713,0.015062535711343639,0.13333333333333333,-0.06256314046044653,-0.00834175206139287
2020-08-31,2020-10-30,US,STOCK,AMD,AMD,Information Technology,0.2259576012972615,0.4097438964910709,0.014758163781107614,0.13333333333333333,-0.1709975647597577,-0.022799675301301024
2020-08-31,2020-10-30,US,STOCK,AAPL,Apple,Information Technology,0.190040901540122,0.38467692043002133,0.012392980451226276,0.13333333333333333,-0.15638545327168152,-0.020851393769557535
2020-08-31,2020-10-30,US,STOCK,CRM,Salesforce,Information Technology,0.14541323606934825,0.43036151951846846,0.014548069859245505,0.13333333333333333,-0.14810187988051127,-0.019746917317401504
2020-08-31,2020-10-30,KR,ETF,069500,069500,ETF,0.029278863976881758,,0.008609182451225217,0.13333333333333333,-0.019677996422182487,-0.0026237328562909983
2020-10-30,2020-11-30,US,STOCK,FDX,FedEx,Industrials,0.17208657424312834,0.4243559024262441,0.013505752842111085,0.2,0.10448235510715764,0.02089647102143153
2020-10-30,2020-11-30,US,STOCK,DE,Deere & Company,Industrials,0.0919069929006596,0.2328043616835532,0.008350943805244704,0.2,0.15807181494210587,0.03161436298842118
2020-10-30,2020-11-30,US,STOCK,NOW,ServiceNow,Information Technology,0.09117734275952695,0.12048982161458374,0.014722086627193987,0.2,0.07432123849589756,0.014864247699179512
2020-10-30,2020-11-30,US,STOCK,QCOM,Qualcomm,Information Technology,0.08925076072382274,0.1832285652794123,0.013047850676827899,0.2,0.19301212927168176,0.038602425854336354
2020-10-30,2020-11-30,US,STOCK,GM,GM,Consumer Discretionary,0.08017421167496093,0.23079259521434178,0.016786169091503877,0.2,0.269620749447828,0.0539241498895656
2020-11-30,2021-01-29,US,STOCK,TSLA,Tesla,Consumer Discretionary,0.5760318530088854,0.5818293915758465,0.02657252932814269,0.1875,0.3980444716285314,0.07463333843034964
2020-11-30,2021-01-29,US,STOCK,FCX,Freeport-McMoran,,0.2123571179954681,0.47906368834253144,0.01934863252242658,0.1875,0.15049193653131732,0.028217238099621997
2020-11-30,2021-01-29,KR,STOCK,053610,프로텍,Information Technology,0.1800405548989462,0.002752564359053081,0.0176678445229681,0.1875,0.21452145214521456,0.04022277227722773
2020-11-30,2021-01-29,KR,ETF,069500,069500,ETF,0.050397557066880025,,0.006511488005105814,0.1875,0.1856710393541876,0.034813319878910176
2021-01-29,2021-02-26,US,STOCK,AMAT,Applied Materials,Information Technology,0.12882089128231167,0.2959750904232058,0.015754762574250347,0.13333333333333333,0.22480673176899169,0.029974230902532224
2021-01-29,2021-02-26,US,STOCK,MU,Micron Technology,Information Technology,0.10995347619143674,0.3108694878599133,0.014043835888811751,0.13333333333333333,0.16941340782122905,0.022588454376163872
2021-01-29,2021-02-26,US,STOCK,DD,DuPont,Materials,0.10280807759446994,0.4659347241575418,0.016146672619575808,0.13333333333333333,-0.11109186080498223,-0.014812248107330964
2021-01-29,2021-02-26,US,STOCK,QCOM,Qualcomm,Information Technology,0.10114993714873116,0.17791274487150077,0.01213347091161232,0.13333333333333333,-0.12855094950991275,-0.0171401266013217
2021-01-29,2021-02-26,US,STOCK,AVGO,Broadcom,Information Technology,0.08554468209832924,0.18564993254362916,0.008930257353694127,0.13333333333333333,0.04299683612307281,0.005732911483076375
2021-01-29,2021-02-26,KR,ETF,069500,069500,ETF,0.07473588147359675,,0.01024229509317598,0.13333333333333333,0.014103343465045493,0.001880445795339399
2021-02-26,2021-03-31,KR,STOCK,319400,현대무벡스,Industrials,0.33103846254246233,-0.0013742853596099619,0.017574692442882234,0.1875,-0.15176908752327745,-0.02845670391061452
2021-02-26,2021-03-31,US,STOCK,FCX,Freeport-McMoran,,0.26823958550148663,0.43589766111407113,0.01839388578282697,0.1875,-0.028900091728057076,-0.005418767199010702
2021-02-26,2021-03-31,KR,STOCK,099320,쎄트렉아이,Industrials,0.2651062064403703,-0.03835409892463931,0.028283946888598144,0.1875,-0.004830917874396157,-0.0009057971014492794
2021-02-26,2021-03-31,KR,ETF,069500,069500,ETF,0.0593839288146301,,0.011676847677797975,0.1875,0.01150941134156569,0.002158014626543567
2021-03-31,2021-04-30,US,STOCK,AMAT,Applied Materials,Information Technology,0.2423483929963808,0.5066120143024008,0.029039255120425933,0.2,-0.006661864249312255,-0.001332372849862451
2021-03-31,2021-04-30,US,STOCK,DE,Deere & Company,Industrials,0.17509057676961592,0.28658209186782657,0.011715790882593335,0.2,-0.008793685173963395,-0.001758737034792679
2021-03-31,2021-04-30,US,STOCK,COF,Capital One,Financials,0.16496077344260313,0.2753167142387948,0.01575514108966214,0.2,0.17173638705231875,0.03434727741046375
2021-03-31,2021-04-30,US,STOCK,LRCX,Lam Research,Information Technology,0.15506297013967055,0.2687733870986394,0.028755958734905995,0.2,0.04235247180522861,0.008470494361045721
2021-03-31,2021-04-30,US,STOCK,GE,GE,Industrials,0.13819135286366274,0.3790070543787537,0.01804480939811237,0.2,-0.0007614984111828926,-0.00015229968223657854
2021-04-30,2021-06-30,US,STOCK,AMAT,Applied Materials,Information Technology,0.2124996089975271,0.4073799860100551,0.025944999759791254,0.2,0.0748921523274022,0.014978430465480442
2021-04-30,2021-06-30,US,STOCK,COF,Capital One,Financials,0.18865190255212444,0.37799818562380016,0.012088252962633383,0.2,0.04029310881326986,0.008058621762653973
2021-04-30,2021-06-30,US,STOCK,WFC,Wells Fargo,Financials,0.16191022629375673,0.4075668622666695,0.018371531399012264,0.2,0.007520671901765752,0.0015041343803531505
2021-04-30,2021-06-30,US,STOCK,LRCX,Lam Research,Information Technology,0.1595896081453253,0.26347666657044627,0.024578701779192746,0.2,0.05085614666038207,0.010171229332076415
2021-04-30,2021-06-30,US,STOCK,DE,Deere & Company,Industrials,0.15089743093814592,0.2311138410844736,0.00919275123043839,0.2,-0.04646174725008578,-0.009292349450017157
2021-06-30,2021-07-30,US,STOCK,NVDA,Nvidia,Information Technology,0.14531534079482133,0.30744067641300254,0.013910425984035801,0.16666666666666666,-0.02517179180436091,-0.004195298634060152
2021-06-30,2021-07-30,US,STOCK,AMAT,Applied Materials,Information Technology,0.12775151083324632,0.19022530483527997,0.013127911679418958,0.16666666666666666,-0.017345426131606834,-0.0028909043552678053
2021-06-30,2021-07-30,US,STOCK,SCHW,Charles Schwab,Financials,0.09684842599369017,0.13726354663484766,0.011254596409654205,0.16666666666666666,-0.06674868462760697,-0.011124780771267828
2021-06-30,2021-07-30,US,STOCK,GS,Goldman Sachs,Financials,0.09593733459221992,0.15396642401384658,0.008896956363373953,0.16666666666666666,-0.012251965296309675,-0.0020419942160516125
2021-06-30,2021-07-30,US,STOCK,MS,Morgan Stanley,Financials,0.08840854955116109,0.13210478310776474,0.009760800985733953,0.16666666666666666,0.054471295404332265,0.009078549234055378
2021-06-30,2021-07-30,KR,ETF,069500,069500,ETF,0.042752430585560636,,0.004725417821214162,0.16666666666666666,-0.03212210957967876,-0.005353684929946459
2021-07-30,2021-08-31,US,STOCK,COF,Capital One,Financials,0.1266344132063258,0.1550107883766204,0.012711392759027884,0.16000000000000003,0.03401023217907828,0.005441637148652526
2021-07-30,2021-08-31,US,STOCK,NVDA,Nvidia,Information Technology,0.10080719806037383,0.18585653570438027,0.012033576738886942,0.16000000000000003,0.14820996171857947,0.02371359387497272
2021-07-30,2021-08-31,US,STOCK,MS,Morgan Stanley,Financials,0.09959980192110274,0.16660056276831448,0.010229422508258312,0.16000000000000003,0.0880391624067598,0.01408626598508157
2021-07-30,2021-08-31,US,STOCK,INTU,Intuit,Information Technology,0.09869932528124531,0.1895711509495851,0.007165892437557608,0.16000000000000003,0.06819258527896621,0.010910813644634596
2021-07-30,2021-08-31,US,STOCK,AMAT,Applied Materials,Information Technology,0.0969895166574205,0.12219540675830812,0.014038850937273972,0.16000000000000003,-0.032536224977738004,-0.005205795996438081
2021-08-31,2021-09-30,US,STOCK,DVN,Devon Energy,,0.12275099958707283,0.06218537721200337,0.02188540309473408,0.1875,0.22275157206889218,0.041765919762917283
2021-08-31,2021-09-30,US,STOCK,NVDA,Nvidia,Information Technology,0.12179389554370473,0.2677548158088606,0.013039740858639348,0.1875,-0.0745587194455466,-0.013979759896039987
2021-08-31,2021-09-30,US,STOCK,COF,Capital One,Financials,0.10002980930568041,0.06954676583294542,0.012789666379595555,0.1875,-0.024100815530483377,-0.004518902911965633
2021-08-31,2021-09-30,KR,ETF,360750,360750,ETF,0.041178563239483414,,0.003968293961138403,0.1875,-0.010570026425066104,-0.0019818799546998944
2021-09-30,2021-10-29,US,STOCK,AIG,AIG,Financials,0.07862672148101822,0.0995012029089512,0.011518247540823756,0.16666666666666666,0.07651666019049563,0.012752776698415938
2021-09-30,2021-10-29,US,STOCK,SCHW,Charles Schwab,Financials,0.058819813869297966,0.00890866592136108,0.012417093952873381,0.16666666666666666,0.1261670295583328,0.021027838259722133
2021-09-30,2021-10-29,US,STOCK,BAC,Bank of America,Financials,0.0494407307856958,0.023358086085284196,0.012644542144645943,0.16666666666666666,0.12555910954234384,0.020926518257057304
2021-09-30,2021-10-29,US,STOCK,JPM,JPMorgan Chase,Financials,0.04801144003423545,0.02791997838958457,0.008819675142227368,0.16666666666666666,0.044130512050294834,0.007355085341715806
2021-09-30,2021-10-29,US,STOCK,AXP,American Express,Financials,0.047548764044493846,0.02827553963446766,0.009924319755995281,0.16666666666666666,0.03988555604520805,0.006647592674201341
2021-09-30,2021-10-29,KR,ETF,360750,360750,ETF,0.03447192194277186,,0.004162700547669318,0.16666666666666666,0.025944296070202322,0.00432404934503372
2021-10-29,2021-11-30,US,STOCK,NVDA,Nvidia,Information Technology,0.13636535763298235,0.254669759183937,0.014389771232045101,0.16666666666666666,0.2780540231479931,0.046342337191332184
2021-10-29,2021-11-30,US,STOCK,INTU,Intuit,Information Technology,0.10827317719688719,0.17843680232620546,0.008868314459090976,0.16666666666666666,0.0420296657114112,0.0070049442852352
2021-10-29,2021-11-30,US,STOCK,PLTR,Palantir Technologies,Information Technology,0.09906744923359814,-0.0012078733679628806,0.017172114654615322,0.16666666666666666,-0.20208654218833466,-0.033681090364722444
2021-10-29,2021-11-30,US,STOCK,WFC,Wells Fargo,Financials,0.09693762486056731,0.06262364493172679,0.014197943241519462,0.16666666666666666,-0.06246153679623945,-0.010410256132706575
2021-10-29,2021-11-30,US,STOCK,BAC,Bank of America,Financials,0.09392755783169066,0.11260471206894046,0.009697636011231303,0.16666666666666666,-0.06927593094815665,-0.011545988491359441
2021-10-29,2021-11-30,KR,ETF,360750,360750,ETF,0.03412769447396118,,0.003831980695668813,0.16666666666666666,0.025288211230940938,0.00421470187182349
2021-11-30,2022-02-28,US,STOCK,NVDA,Nvidia,Information Technology,0.19154495127703475,0.4900354421719263,0.01507043841924638,0.13333333333333333,-0.2536423043823941,-0.033818973917652546
2021-11-30,2022-02-28,US,STOCK,AMD,AMD,Information Technology,0.1534998213924516,0.4095284018512393,0.014011260244798818,0.13333333333333333,-0.22119088122327757,-0.029492117496437008
2021-11-30,2022-02-28,US,STOCK,INTU,Intuit,Information Technology,0.09188793411862711,0.20579352302279738,0.011705088397356622,0.13333333333333333,-0.27192904989501165,-0.03625720665266822
2021-11-30,2022-02-28,US,STOCK,PFE,Pfizer,Health Care,0.07881327773359077,0.272002057182656,0.007957266604285973,0.13333333333333333,-0.11973033231306307,-0.01596404430840841
2021-11-30,2022-02-28,US,STOCK,QCOM,Qualcomm,Information Technology,0.07478132118377445,0.28658506905226944,0.008383651109193035,0.13333333333333333,-0.04386244335645351,-0.005848325780860467
2021-11-30,2022-02-28,KR,ETF,360750,360750,ETF,0.035293218823476614,,0.004102903584954798,0.13333333333333333,-0.05767138193688792,-0.007689517591585056
2022-02-28,2022-03-31,US,STOCK,COP,ConocoPhillips,Energy,0.12342299695094881,0.2839228300366579,0.014815577843224292,0.2,0.05733523702054577,0.011467047404109155
2022-02-28,2022-03-31,US,STOCK,CVX,Chevron,Energy,0.08495388455831004,0.2239750997140736,0.008467588661961956,0.2,0.1307636454136789,0.026152729082735783
2022-02-28,2022-03-31,US,ETF,XLE,Energy Select Sector SPDR Fund,Energy,0.08485453637197035,0.21292818588657797,0.009733638008830425,0.2,0.09338593363571901,0.018677186727143802
2022-02-28,2022-03-31,US,STOCK,XOM,Exxon Mobil Corp.,Energy,0.08129455220138271,0.22852925860839782,0.009849305967752242,0.2,0.053175230095812154,0.01063504601916243
2022-02-28,2022-03-31,US,STOCK,AXP,American Express,Financials,0.05767648469518934,0.09628169803921818,0.009672016015261464,0.2,-0.03875803520443133,-0.007751607040886266
2022-03-31,2022-04-29,US,STOCK,OXY,Occidental Petroleum,,0.20426458348350343,0.6071499653774985,0.019380968080895178,0.1875,-0.029080227236565337,-0.005452542606856001
2022-03-31,2022-04-29,US,STOCK,APA,Apache Corp.,,0.1757298482893292,0.3672458406093938,0.016911817950360897,0.1875,-0.006878049427545108,-0.0012896342676647077
2022-03-31,2022-04-29,KR,STOCK,007810,코리아써키트,Information Technology,0.1696589268938059,0.030926651586407627,0.023641000040476645,0.1875,-0.06559999999999999,-0.012299999999999998
2022-03-31,2022-04-29,KR,ETF,360750,360750,ETF,0.022209704591346465,,0.007811647094215779,0.1875,-0.04224352147674837,-0.00792066027689032
2022-04-29,2022-05-31,US,STOCK,XOM,Exxon Mobil Corp.,Energy,0.06721350376183133,0.11651091101890348,0.014110516944205953,0.2,0.1376349550344167,0.027526991006883342
2022-04-29,2022-05-31,US,ETF,XLE,Energy Select Sector SPDR Fund,Energy,0.06437541152601803,0.10300358315349833,0.012358065549576747,0.2,0.16034593271188857,0.03206918654237772
2022-04-29,2022-05-31,US,STOCK,LLY,Eli Lilly,Health Care,0.05840223006841022,0.07393599694983116,0.009942085733203099,0.2,0.0765626603931977,0.015312532078639541
2022-04-29,2022-05-31,US,STOCK,BMY,Bristol Myers Squibb,Health Care,0.051681683665670455,0.11872256797139799,0.0055070333005831085,0.2,0.0023912271519617168,0.0004782454303923434
2022-04-29,2022-05-31,US,STOCK,MO,Altria,Consumer Staples,0.046797785117839545,0.09877479439694317,0.005298267587223293,0.2,-0.026632980780813553,-0.005326596156162711
2022-05-31,2022-06-30,US,STOCK,COP,ConocoPhillips,Energy,0.114471783283714,0.18230230565025063,0.018791187445874602,0.2,-0.1944919053047246,-0.038898381060944925
2022-05-31,2022-06-30,US,ETF,XLE,Energy Select Sector SPDR Fund,Energy,0.10435907602085287,0.20377285319556288,0.013928497069301882,0.2,-0.17073462246895044,-0.03414692449379009
2022-05-31,2022-06-30,US,STOCK,XOM,Exxon Mobil Corp.,Energy,0.10159310244296432,0.20139687507954074,0.013497115018374917,0.2,-0.1079166995808798,-0.02158333991617596
2022-05-31,2022-06-30,US,STOCK,CVX,Chevron,Energy,0.09614317868812777,0.1763110903332288,0.011040764063385389,0.2,-0.17107503418526326,-0.034215006837052656
2022-05-31,2022-06-30,US,STOCK,LLY,Eli Lilly,Health Care,0.07141025902194673,0.12645941476396283,0.012250858517325769,0.2,0.03442422988002236,0.006884845976004472
2022-06-30,2022-07-29,US,STOCK,LLY,Eli Lilly,Health Care,0.04551624341847382,0.08498472897930193,0.01439239990544472,0.2,0.016839847918701967,0.0033679695837403934
2022-06-30,2022-07-29,US,STOCK,BMY,Bristol Myers Squibb,Health Care,0.0355909022394893,0.07346277663656212,0.007113004727504091,0.2,-0.04181812455228906,-0.008363624910457812
2022-06-30,2022-07-29,US,STOCK,MRK,Merck,Health Care,0.03470892590772955,0.079436597947702,0.010559919676711882,0.2,-0.020072309694937673,-0.004014461938987535
2022-06-30,2022-07-29,US,STOCK,ABBV,AbbVie,Health Care,0.03007953251092001,-0.00523082689055257,0.009897712759155408,0.2,-0.054241491729598246,-0.01084829834591965
2022-06-30,2022-07-29,US,STOCK,UNH,UnitedHealth,Health Care,0.017791056175559553,0.03691936721277636,0.012007758248345768,0.2,0.055896320156006096,0.01117926403120122
2022-07-29,2022-08-31,US,STOCK,LLY,Eli Lilly,Health Care,0.05788063058557126,0.1275763204387975,0.011377253357266248,0.1875,-0.08334051349867888,-0.01562634628100229
2022-07-29,2022-08-31,US,STOCK,UNH,UnitedHealth,Health Care,0.03580032192158597,0.054318068990811874,0.010888693762179158,0.1875,-0.042427128345369436,-0.00795508656475677
2022-07-29,2022-08-31,US,STOCK,AMGN,Amgen,Health Care,0.015947495578269365,0.03366672097590573,0.007889373898939955,0.1875,-0.021474306594961745,-0.004026432486555327
2022-07-29,2022-08-31,US,STOCK,GD,General Dynamics,Industrials,0.013701731370987848,-0.009195587933079674,0.012039351032015588,0.1875,0.009970501235610163,0.0018694689816769056
2022-08-31,2022-09-30,KR,STOCK,214370,케어젠,Health Care,0.13468658732909025,-0.0071411922774938215,0.021505376344086002,0.1875,-0.09733124018838302,-0.018249607535321816
2022-08-31,2022-09-30,US,STOCK,OXY,Occidental Petroleum,,0.1297633534223382,0.11423429971941548,0.021784196380587262,0.1875,-0.1327621998034283,-0.024892912463142805
2022-08-31,2022-09-30,US,STOCK,GD,General Dynamics,Industrials,0.00884163794699602,-0.017687245329502388,0.010382878796963757,0.1875,-0.07321037053081214,-0.013726944474527276
2022-08-31,2022-09-30,US,STOCK,LMT,Lockheed Martin,Industrials,0.002471804473702384,-0.04618280591715171,0.007523796507299951,0.1875,-0.0805025619641313,-0.01509423036827462
2022-09-30,2022-10-31,KR,STOCK,058610,에스피지,Industrials,0.07517409826598426,-0.02684466532100803,0.019683358699283504,0.1875,-0.040462427745664775,-0.007586705202312145
2022-09-30,2022-10-31,US,STOCK,COP,ConocoPhillips,Energy,0.04175357529605518,0.044937813433782864,0.017570939627698956,0.1875,0.23206969789550858,0.04351306835540786
2022-09-30,2022-10-31,US,STOCK,LLY,Eli Lilly,Health Care,0.0348118384199997,0.07544566581370118,0.01248573683795251,0.1875,0.1198081519407117,0.022464028488883445
2022-09-30,2022-10-31,US,STOCK,TWX,Time Warner Inc.,,0.013294888996252013,0.12151032131833825,0.004040080942655622,0.1875,,
2022-10-31,2022-11-30,US,STOCK,COP,ConocoPhillips,Energy,0.10327933418567253,0.17806798080664957,0.016125009541135493,0.14285714285714285,-0.01671805509606661,-0.0023882935851523724
2022-10-31,2022-11-30,US,STOCK,XOM,Exxon Mobil Corp.,Energy,0.09059599450170647,0.1386224616016889,0.014496383064936058,0.14285714285714285,0.012871902823772041,0.001838843260538863
2022-10-31,2022-11-30,US,STOCK,GILD,Gilead,Health Care,0.07679763503116907,0.190822338277722,0.010898063370838429,0.14285714285714285,0.11942391743725356,0.017060559633893364
2022-10-31,2022-11-30,US,ETF,XLE,Energy Select Sector SPDR Fund,Energy,0.07377014370072019,0.09735362214064638,0.013451313335203219,0.14285714285714285,0.01277770794335864,0.0018253868490512343
2022-10-31,2022-11-30,US,STOCK,CVX,Chevron,Energy,0.06755170221425365,0.07478702843388346,0.011002980720872024,0.14285714285714285,0.021160622756468683,0.0030229461080669546
2022-10-31,2022-11-30,KR,ETF,379800,379800,ETF,0.012959254110767105,,0.006740198895637262,0.14285714285714285,-0.05519480519480524,-0.007884972170686462
2022-10-31,2022-11-30,KR,ETF,360750,360750,ETF,0.011096938272198653,,0.007338962174630814,0.14285714285714285,-0.05685498380712484,-0.008122140543874976
2022-11-30,2023-01-31,US,STOCK,BIIB,Biogen,Health Care,0.10014278732583548,0.2706818161181758,0.012519953007962825,0.2,-0.04676088378070342,-0.009352176756140685
2022-11-30,2023-01-31,US,STOCK,GILD,Gilead,Health Care,0.0818141340833554,0.19701025547628753,0.009187349360541885,0.2,-0.03636392290387491,-0.007272784580774983
2022-11-30,2023-01-31,US,STOCK,MRK,Merck,Health Care,0.07011898618068158,0.13966936467448648,0.007947573860220603,0.2,-0.018147056106423642,-0.0036294112212847287
2022-11-30,2023-01-31,US,STOCK,LLY,Eli Lilly,Health Care,0.05986622857940692,0.1107532707908982,0.011476012140368752,0.2,-0.07257173187168209,-0.014514346374336419
2022-11-30,2023-01-31,US,STOCK,DE,Deere & Company,Industrials,0.05575220352389137,0.17507166986400863,0.010074087959956568,0.2,-0.03849713996951487,-0.007699427993902975
2023-01-31,2023-02-28,US,STOCK,GE,GE,Industrials,0.06879871608113437,0.21235199045877792,0.011275490217280693,0.2,0.05255961574012202,0.010511923148024405
2023-01-31,2023-02-28,US,STOCK,BA,Boeing,Industrials,0.06780941562059857,0.1893801368017097,0.012409160195348656,0.2,-0.0537558542170995,-0.0107511708434199
2023-01-31,2023-02-28,US,STOCK,CAT,Caterpillar,Industrials,0.05184309107148074,0.12720841434435712,0.011041668013232142,0.2,-0.05049758161106188,-0.010099516322212378
2023-01-31,2023-02-28,US,STOCK,NVDA,Nvidia,Information Technology,0.04514989523000393,0.04293030625970154,0.025023288570994673,0.2,0.1883095509320758,0.03766191018641516
2023-01-31,2023-02-28,US,STOCK,MS,Morgan Stanley,Financials,0.03494977776886168,0.12139827526438174,0.010324066127380016,0.2,-0.008527815996469457,-0.0017055631992938915
2023-02-28,2023-03-31,KR,STOCK,214370,케어젠,Health Care,0.1956816872706402,0.003541201670858011,0.027527223366035414,0.1875,0.10356536502546687,0.01941850594227504
2023-02-28,2023-03-31,US,STOCK,NVDA,Nvidia,Information Technology,0.06928755699535954,0.2003497861611762,0.02542079665077779,0.1875,0.19666264770902964,0.03687424644544306
2023-02-28,2023-03-31,KR,STOCK,058610,에스피지,Industrials,0.060313956901967926,-0.05182044359895419,0.019040644159503017,0.1875,0.6759776536312849,0.12674581005586594
2023-02-28,2023-03-31,US,STOCK,GE,GE,Industrials,0.05822046241645436,0.16911794113506565,0.012590806515729858,0.1875,0.12960238598246776,0.024300447371712705
2023-03-31,2023-04-28,US,STOCK,NVDA,Nvidia,Information Technology,0.1730239707109918,0.5441279209816996,0.020921298004509925,0.2,-0.001008160055322782,-0.00020163201106455643
2023-03-31,2023-04-28,US,STOCK,GE,GE,Industrials,0.12730144841262608,0.39131395770383076,0.010359608648990881,0.2,0.035251277096879585,0.007050255419375918
2023-03-31,2023-04-28,US,STOCK,AMD,AMD,Information Technology,0.08003314050404743,0.27805530000073286,0.019009518971914163,0.2,-0.08815426182359587,-0.017630852364719174
2023-03-31,2023-04-28,US,STOCK,FDX,FedEx,Industrials,0.06726004315356952,0.2774181251704594,0.01051536161956701,0.2,-0.003107438862971601,-0.0006214877725943202
2023-03-31,2023-04-28,US,STOCK,BA,Boeing,Industrials,0.06651866848437708,0.1979777665761965,0.01100132223076944,0.2,-0.0265969688428489,-0.00531939376856978
2023-04-28,2023-05-31,US,STOCK,NVDA,Nvidia,Information Technology,0.1404926107617019,0.37693974408466735,0.01864956772691362,0.125,0.3634365282478882,0.045429566030986024
2023-04-28,2023-05-31,US,STOCK,GE,GE,Industrials,0.09952546861887507,0.21543002048601612,0.009964842150233855,0.125,0.025866152337224113,0.003233269042153014
2023-04-28,2023-05-31,US,STOCK,FDX,FedEx,Industrials,0.05902973509271298,0.15374067714188983,0.008670195996873131,0.125,-0.04302388963564807,-0.005377986204456009
2023-04-28,2023-05-31,US,STOCK,ISRG,Intuitive Surgical,Health Care,0.05890750064648773,0.15203648378664547,0.01263692858221277,0.125,0.021977276045281657,0.002747159505660207
2023-04-28,2023-05-31,US,STOCK,BA,Boeing,Industrials,0.05600789100424751,0.11858764242888781,0.010682793961040882,0.125,-0.005222951143390886,-0.0006528688929238607
2023-04-28,2023-05-31,KR,ETF,379800,379800,ETF,0.017034216875628855,,0.005752140687422025,0.125,0.0068576038725292054,0.0008572004840661507
2023-04-28,2023-05-31,KR,ETF,360750,360750,ETF,0.014551881364269116,,0.006423945898012318,0.125,0.005422993492407713,0.0006778741865509641
2023-04-28,2023-05-31,KR,ETF,069500,069500,ETF,0.004349269165811142,,0.006608207994439508,0.125,0.04122605363984677,0.005153256704980846
2023-05-31,2023-06-30,US,STOCK,PLTR,Palantir Technologies,Information Technology,0.2251953522064909,0.7305513431647641,0.023809501283202916,0.1,0.042148190615313164,0.004214819061531316
2023-05-31,2023-06-30,US,STOCK,NVDA,Nvidia,Information Technology,0.22048776699113387,0.5307381959364837,0.017770867580059413,0.1,0.11821054084776317,0.011821054084776317
2023-05-31,2023-06-30,US,STOCK,AMD,AMD,Information Technology,0.10807372906811064,0.3126106765579497,0.017571994345771946,0.1,-0.03637590267884627,-0.0036375902678846272
2023-05-31,2023-06-30,US,STOCK,AVGO,Broadcom,Information Technology,0.10551690111968708,0.31188650050937994,0.010386842975179889,0.1,0.07932469252659224,0.007932469252659224
2023-05-31,2023-06-30,US,STOCK,CRM,Salesforce,Information Technology,0.08323781988866442,0.19706309568195074,0.010701732207172854,0.1,-0.05425737021261645,-0.005425737021261645
2023-05-31,2023-06-30,KR,ETF,379800,379800,ETF,0.016068124477569622,,0.004934178587253646,0.1,0.044871794871794934,0.004487179487179494
2023-05-31,2023-06-30,KR,ETF,360750,360750,ETF,0.013600293144178304,,0.005113826887189532,0.1,0.045667026249550435,0.004566702624955044
2023-05-31,2023-06-30,KR,ETF,069500,069500,ETF,0.01209725233542554,,0.005820698770446331,0.1,-0.00029437739181625844,-2.9437739181625844e-05
2023-06-30,2023-07-31,US,STOCK,NVDA,Nvidia,Information Technology,0.2840847091235214,0.6380582980245628,0.018295434031357916,0.125,0.10465207786542052,0.013081509733177565
2023-06-30,2023-07-31,US,STOCK,PLTR,Palantir Technologies,Information Technology,0.21564060934537896,0.6315558919588741,0.02442160052655573,0.125,0.29419440647926187,0.036774300809907734
2023-06-30,2023-07-31,US,STOCK,UBER,Uber,Industrials,0.1429197635541121,0.2778871312239513,0.013782976233800426,0.125,0.14570306190219173,0.018212882737773967
2023-06-30,2023-07-31,US,STOCK,GE,GE,Industrials,0.13138628527417825,0.22157159873365717,0.007517667155821917,0.125,0.04073260371199794,0.005091575463999742
2023-06-30,2023-07-31,US,STOCK,AVGO,Broadcom,Information Technology,0.11911745146976266,0.2786107339650469,0.010776794913997634,0.125,0.035991364899672584,0.004498920612459073
2023-06-30,2023-07-31,KR,ETF,379800,379800,ETF,0.034463856125316064,,0.00448667844962547,0.125,0.006134969325153339,0.0007668711656441674
2023-06-30,2023-07-31,KR,ETF,360750,360750,ETF,0.032224859831857876,,0.004650905022206553,0.125,0.0027510316368637433,0.0003438789546079679
2023-06-30,2023-07-31,KR,ETF,069500,069500,ETF,0.017758309438577875,,0.0045040117971753,0.125,0.019876325088339142,0.0024845406360423927
2023-07-31,2023-08-31,US,STOCK,PLTR,Palantir Technologies,Information Technology,0.3022761992456497,0.796953635762324,0.024375647011333657,0.125,-0.24495970629907649,-0.03061996328738456
2023-07-31,2023-08-31,US,STOCK,NVDA,Nvidia,Information Technology,0.23571293332235133,0.49081401269901775,0.017450630369225673,0.125,0.05619658309938336,0.00702457288742292
2023-07-31,2023-08-31,US,STOCK,UBER,Uber,Industrials,0.15582310277884465,0.3055079650208817,0.01329316938649261,0.125,-0.045086930519907975,-0.005635866314988497
2023-07-31,2023-08-31,US,STOCK,AVGO,Broadcom,Information Technology,0.11241587086689578,0.24016468981741168,0.010580333897757255,0.125,0.026974048196969802,0.0033717560246212253
2023-07-31,2023-08-31,US,STOCK,LRCX,Lam Research,Information Technology,0.09663560461378373,0.21805987019561912,0.013022622228008762,0.125,-0.022393949914351174,-0.002799243739293897
2023-07-31,2023-08-31,KR,ETF,379800,379800,ETF,0.026105539095394245,,0.004031283698783361,0.125,0.026295731707317138,0.0032869664634146423
2023-07-31,2023-08-31,KR,ETF,360750,360750,ETF,0.023449703998744926,,0.003787464580947364,0.125,0.025720164609053464,0.003215020576131683
2023-07-31,2023-08-31,KR,ETF,069500,069500,ETF,0.013025056998253758,,0.004463040021174591,0.125,-0.030604879457196477,-0.0038256099321495596
2023-08-31,2023-10-31,US,STOCK,NVDA,Nvidia,Information Technology,0.21731684578422605,0.3934244135210184,0.015580933692320054,0.14285714285714285,-0.1736732608230871,-0.024810465831869584
2023-08-31,2023-10-31,US,STOCK,ADBE,Adobe,Information Technology,0.10139372773918064,0.24696967055465258,0.014361497192771688,0.14285714285714285,-0.048771816760977194,-0.006967402394425313
2023-08-31,2023-10-31,US,STOCK,AVGO,Broadcom,Information Technology,0.10069591094568923,0.18387501988388638,0.011313087755678297,0.14285714285714285,-0.08336600225857482,-0.011909428894082117
2023-08-31,2023-10-31,US,STOCK,NFLX,Netflix,Communication Services,0.08371015718848418,0.09359402106961506,0.011514397129858356,0.14285714285714285,-0.05070561959759379,-0.007243659942513398
2023-08-31,2023-10-31,US,STOCK,GE,GE,Industrials,0.08145851719658381,0.10219988877528496,0.007733622179504573,0.14285714285714285,-0.05025197377407342,-0.007178853396296203
2023-08-31,2023-10-31,KR,ETF,379800,379800,ETF,0.02194766969118178,,0.0038200860479973286,0.14285714285714285,-0.06126995915336053,-0.008752851307622933
2023-08-31,2023-10-31,KR,ETF,360750,360750,ETF,0.01995404228583532,,0.004117603080258769,0.14285714285714285,-0.06352390504847882,-0.009074843578354117
2023-10-31,2023-11-30,US,STOCK,NOW,ServiceNow,Information Technology,0.04744322398183433,0.1281284177597788,0.009322254404981023,0.16000000000000003,0.1785511021580295,0.028568176345284725
2023-10-31,2023-11-30,US,STOCK,INTC,Intel,Information Technology,0.03891721370036767,0.05998965564161765,0.010761960494010459,0.16000000000000003,0.22868456839960793,0.03658953094393728
2023-10-31,2023-11-30,US,STOCK,MSFT,Microsoft,Information Technology,0.03588113471078615,0.053533899077264635,0.007637199439804343,0.16000000000000003,0.12294524911668003,0.01967123985866881
2023-10-31,2023-11-30,US,STOCK,AIG,AIG,Financials,0.021490059836113327,0.059287488081670114,0.007948545946961483,0.16000000000000003,0.0733976066605766,0.011743617065692259
2023-10-31,2023-11-30,US,STOCK,IBM,IBM,Information Technology,0.02117745981648985,0.06561593689969414,0.005274730077017731,0.16000000000000003,0.10867134192678218,0.017387414708285153
2023-11-30,2024-01-31,KR,STOCK,056080,유진로봇,Industrials,0.21186153938023533,0.005485305799426247,0.03469344791289186,0.1875,-0.18043303929430632,-0.033831194867682435
2023-11-30,2024-01-31,US,STOCK,PLTR,Palantir Technologies,Information Technology,0.163137960680531,0.22669905434578852,0.014699735613691312,0.1875,-0.1975061962672282,-0.03703241180010529
2023-11-30,2024-01-31,KR,ETF,379800,379800,ETF,0.013644803319460863,,0.004882290677530543,0.1875,0.11470477623166597,0.02150714554343737
2023-11-30,2024-01-31,KR,ETF,360750,360750,ETF,0.011786847132896617,,0.0047863247863247915,0.1875,0.11043153244988102,0.02070591233435269
2024-01-31,2024-02-29,US,STOCK,NVDA,Nvidia,Information Technology,0.184094452136905,0.22384635179670723,0.01539754444985042,0.11428571428571428,0.2858096119629654,0.03266395565291033
2024-01-31,2024-02-29,US,STOCK,AMD,AMD,Information Technology,0.1603146578590629,0.36726748150462396,0.0142009160984089,0.11428571428571428,0.14813045486459542,0.016929194841668046
2024-01-31,2024-02-29,US,STOCK,AVGO,Broadcom,Information Technology,0.1094840512705634,0.161433697898503,0.013350265063653888,0.11428571428571428,0.10211029647507663,0.011669748168580187
2024-01-31,2024-02-29,US,STOCK,LLY,Eli Lilly,Health Care,0.09416141595967437,0.14348616451229013,0.007542047744569791,0.11428571428571428,0.16943826706980736,0.019364373379406555
2024-01-31,2024-02-29,US,STOCK,NOW,ServiceNow,Information Technology,0.08884288610773565,0.18190477149307643,0.006201407969591122,0.11428571428571428,0.0077606710597650785,0.0008869338354017232
2024-01-31,2024-02-29,KR,ETF,379800,379800,ETF,0.044208368513750415,,0.0035835882062256186,0.11428571428571428,0.03238866396761142,0.003701561596298448
2024-01-31,2024-02-29,KR,ETF,360750,360750,ETF,0.04118901283380552,,0.003589455378350759,0.11428571428571428,0.032129742962056396,0.0036719706242350166
2024-02-29,2024-04-30,KR,STOCK,080220,제주반도체,Information Technology,0.848785319558532,0.00021558765547692376,0.03847241164356752,0.1875,-0.17158671586715868,-0.03217250922509225
2024-02-29,2024-04-30,KR,ETF,379800,379800,ETF,0.03860434439643949,,0.0037974338444407563,0.1875,0.04771241830065365,0.008946078431372559
2024-02-29,2024-04-30,KR,ETF,360750,360750,ETF,0.036244683029628286,,0.0040791283102710185,0.1875,0.04298843759264748,0.008060332048621402
2024-02-29,2024-04-30,KR,ETF,069500,069500,ETF,0.019156218945586046,,0.00614019699769397,0.1875,0.02274312822659419,0.0042643365424864105
2024-04-30,2024-05-31,US,STOCK,NVDA,Nvidia,Information Technology,0.2168030808871182,0.354902108088622,0.022011478473413004,0.14285714285714285,0.2688709701359613,0.03841013859085161
2024-04-30,2024-05-31,US,STOCK,GE,GE,Industrials,0.1678287291120089,0.3578770663405768,0.007727452105639743,0.14285714285714285,0.020516552938168786,0.002930936134024112
2024-04-30,2024-05-31,US,STOCK,MU,Micron Technology,Information Technology,0.11147882315856789,0.2349684429204935,0.01458784831290083,0.14285714285714285,0.10658626658345205,0.01522660951192172
2024-04-30,2024-05-31,US,STOCK,AXP,American Express,Financials,0.0863494218714408,0.23414908451689834,0.007059238017164793,0.14285714285714285,0.025509511429070875,0.0036442159184386963
2024-04-30,2024-05-31,US,STOCK,WFC,Wells Fargo,Financials,0.08262697646342534,0.17705056492814022,0.007693111658067742,0.14285714285714285,0.01592181043731289,0.0022745443481875555
2024-04-30,2024-05-31,KR,ETF,379800,379800,ETF,0.04059044569653954,,0.004289364822296915,0.14285714285714285,0.026512788521522168,0.0037875412173603096
2024-04-30,2024-05-31,KR,ETF,360750,360750,ETF,0.036948719774627825,,0.004407620139968316,0.14285714285714285,0.02700397953382594,0.003857711361975134
2024-05-31,2024-06-28,US,STOCK,NVDA,Nvidia,Information Technology,0.23170985551733694,0.3912463156070872,0.024809481936676203,0.16000000000000003,0.12694316157733598,0.020310905852373762
2024-05-31,2024-06-28,US,STOCK,GE,GE,Industrials,0.1328721465037871,0.25740369611137714,0.0117757003730119,0.16000000000000003,-0.03736214248591341,-0.005977942797746146
2024-05-31,2024-06-28,US,STOCK,MU,Micron Technology,Information Technology,0.12030443703437799,0.22271688228608727,0.014366144230545275,0.16000000000000003,0.05223997649156509,0.008358396238650416
2024-05-31,2024-06-28,US,STOCK,QCOM,Qualcomm,Information Technology,0.11940246859399722,0.23683443568511392,0.012073879331527815,0.16000000000000003,-0.023866673166288543,-0.0038186677066061677
2024-05-31,2024-06-28,US,STOCK,AMAT,Applied Materials,Information Technology,0.07208996864679915,0.1141403410754315,0.011680977971742057,0.16000000000000003,0.0972197114524509,0.015555153832392147
2024-06-28,2024-07-31,KR,STOCK,003230,삼양식품,Consumer Staples,0.596601770439906,0.01297406440570058,0.022990449714337058,0.1875,-0.07772795216741402,-0.014573991031390128
2024-06-28,2024-07-31,KR,ETF,379800,379800,ETF,0.04379635435262204,,0.0034911077765578113,0.1875,-0.004067402672864651,-0.000762638001162122
2024-06-28,2024-07-31,KR,ETF,360750,360750,ETF,0.04153710159882158,,0.0036495605773412265,0.1875,-0.006617257808364196,-0.0012407358390682868
2024-06-28,2024-07-31,KR,ETF,069500,069500,ETF,0.017250842535298478,,0.007749829988544343,0.1875,-0.01089635490984564,-0.0020430665455960575
2024-07-31,2024-08-30,US,STOCK,AVGO,Broadcom,Information Technology,0.08340205323341021,0.11522330709646475,0.017682454547448212,0.14285714285714285,0.013318569517752676,0.0019026527882503822
2024-07-31,2024-08-30,US,STOCK,PLTR,Palantir Technologies,Information Technology,0.08198898979608085,0.19090758571549452,0.015357680399067597,0.14285714285714285,0.17069543535783227,0.024385062193976036
2024-07-31,2024-08-30,US,STOCK,GS,Goldman Sachs,Financials,0.06855197360397858,0.15988390617085585,0.009109589392757633,0.14285714285714285,0.008326929493395863,0.001189561356199409
2024-07-31,2024-08-30,US,STOCK,AXP,American Express,Financials,0.055061267140095876,0.0847028784011018,0.0069297347780674645,0.14285714285714285,0.022170379093234382,0.0031671970133191974
2024-07-31,2024-08-30,US,STOCK,BK,BNY Mellon,Financials,0.05406530485881686,0.14202608232420982,0.006287829450368987,0.14285714285714285,0.04840940123532933,0.00691562874790419
2024-07-31,2024-08-30,KR,ETF,379800,379800,ETF,0.033229187808947014,,0.003366244468851587,0.14285714285714285,-0.004959159859976636,-0.0007084514085680908
2024-07-31,2024-08-30,KR,ETF,069500,069500,ETF,0.018377283020985475,,0.007203167452706438,0.14285714285714285,-0.0478688524590164,-0.006838407494145199
2024-08-30,2024-09-30,US,STOCK,PLTR,Palantir Technologies,Information Technology,0.11034715970028672,0.21929494191733978,0.017013505333395074,0.2,0.18170270978017866,0.036340541956035734
2024-08-30,2024-09-30,US,STOCK,AVGO,Broadcom,Information Technology,0.07835128704403613,0.07372457576360236,0.018240032627471314,0.2,0.06293661856404853,0.012587323712809706
2024-08-30,2024-09-30,US,STOCK,LLY,Eli Lilly,Health Care,0.07616496471553277,0.1251359712420741,0.010549479756861269,0.2,-0.07716513593319385,-0.01543302718663877
2024-08-30,2024-09-30,US,STOCK,ISRG,Intuitive Surgical,Health Care,0.06667587630538545,0.11578925413139607,0.00653160588746049,0.2,-0.0027607247947963875,-0.0005521449589592775
2024-08-30,2024-09-30,US,STOCK,GS,Goldman Sachs,Financials,0.06520995198812193,0.11370676419240855,0.009109589392757633,0.2,-0.029671855388963664,-0.005934371077792733
2024-09-30,2024-10-31,US,STOCK,PLTR,Palantir Technologies,Information Technology,0.1577979703697051,0.344026036841971,0.013813473606496096,0.11428571428571428,0.1172043150788109,0.013394778866149818
2024-09-30,2024-10-31,US,STOCK,NVDA,Nvidia,Information Technology,0.11669276680369922,0.054249393264734824,0.021512025455149075,0.11428571428571428,0.09321456323884059,0.01065309294158178
2024-09-30,2024-10-31,US,STOCK,AVGO,Broadcom,Information Technology,0.08594809090738117,0.1104076026568456,0.018091318344953367,0.11428571428571428,-0.015825978317095868,-0.0018086832362395277
2024-09-30,2024-10-31,US,STOCK,ORCL,Oracle,Information Technology,0.08450261992533802,0.27775505393708216,0.0081400825588539,0.11428571428571428,-0.012808608638429031,-0.001463840987249032
2024-09-30,2024-10-31,US,STOCK,BK,BNY Mellon,Financials,0.07676962573665011,0.1201516249464023,0.0074206906784799465,0.11428571428571428,0.05517421699469249,0.0063056247993934274
2024-09-30,2024-10-31,KR,ETF,379800,379800,ETF,0.018814602225221973,,0.00525876614927423,0.11428571428571428,0.06674473067915687,0.0076279692204750706
2024-09-30,2024-10-31,KR,ETF,360750,360750,ETF,0.017008528912569452,,0.005588304397532884,0.11428571428571428,0.06313536650615292,0.007215470457846048
2024-10-31,2024-11-29,US,STOCK,PLTR,Palantir Technologies,Information Technology,0.2100499995126415,0.36176451140831123,0.015639785111446924,0.11428571428571428,0.6140519637750632,0.07017736728857865
2024-10-31,2024-11-29,US,STOCK,NVDA,Nvidia,Information Technology,0.17755225191958324,0.17720194944004225,0.023679324128211388,0.11428571428571428,0.041352932180919844,0.004726049392105125
2024-10-31,2024-11-29,US,STOCK,AVGO,Broadcom,Information Technology,0.09447422826881996,0.11921809484953264,0.01598769961457036,0.11428571428571428,-0.04529667514902325,-0.005176762874174085
2024-10-31,2024-11-29,US,STOCK,ORCL,Oracle,Information Technology,0.08701947227774925,0.16825993931622688,0.008739170059320678,0.11428571428571428,0.10128690211847702,0.011575645956397373
2024-10-31,2024-11-29,US,STOCK,BK,BNY Mellon,Financials,0.08600195644595182,0.14096544195118435,0.0064470358914738846,0.11428571428571428,0.08638540419172558,0.009872617621911495
2024-10-31,2024-11-29,KR,ETF,379800,379800,ETF,0.03905485707441345,,0.006240279351381606,0.11428571428571428,0.05076838638858394,0.00580210130155245
2024-10-31,2024-11-29,KR,ETF,360750,360750,ETF,0.036198961642650615,,0.006304536083380441,0.11428571428571428,0.05083039758429786,0.005809188295348326
2024-11-29,2025-01-31,US,STOCK,PLTR,Palantir Technologies,Information Technology,0.38769352770178295,0.8548748350233832,0.01490712229423763,0.14285714285714285,0.22972563524261536,0.032817947891802195
2024-11-29,2025-01-31,US,STOCK,TSLA,Tesla,Consumer Discretionary,0.15396969554721526,0.4262529301588597,0.021690070688729968,0.14285714285714285,0.17220999481618504,0.024601427830883576
2024-11-29,2025-01-31,US,STOCK,NVDA,Nvidia,Information Technology,0.12470641763196899,0.08702500965099944,0.017613867130877425,0.14285714285714285,-0.13144114104369098,-0.018777305863384424
2024-11-29,2025-01-31,US,STOCK,ORCL,Oracle,Information Technology,0.10067930299855632,0.21425183882682416,0.008899730279852136,0.14285714285714285,-0.07769960270844045,-0.011099943244062922
2024-11-29,2025-01-31,US,STOCK,COF,Capital One,Financials,0.10013789943176482,0.23747330407942263,0.010855801798746123,0.14285714285714285,0.06093422054961395,0.008704888649944849
2024-11-29,2025-01-31,KR,ETF,379800,379800,ETF,0.04675993278314663,,0.004685226040515467,0.14285714285714285,0.056411595716897356,0.008058799388128193
2024-11-29,2025-01-31,KR,ETF,360750,360750,ETF,0.04476864783316163,,0.005298631166478884,0.14285714285714285,0.05411877394636022,0.007731253420908603
2025-01-31,2025-02-28,US,STOCK,PLTR,Palantir Technologies,Information Technology,0.4175996685616714,0.7259125359076861,0.024256744126924246,0.14285714285714285,0.029458120597710247,0.004208302942530035
2025-01-31,2025-02-28,US,STOCK,NFLX,Netflix,Communication Services,0.10405582713556097,0.28273254007078663,0.010042981204555046,0.14285714285714285,0.0038903849838498594,0.0005557692834071228
2025-01-31,2025-02-28,US,STOCK,META,Meta,Communication Services,0.09098830417861796,0.2008404213879746,0.01084232414039854,0.14285714285714285,-0.03044191648510486,-0.004348845212157837
2025-01-31,2025-02-28,US,STOCK,AVGO,Broadcom,Information Technology,0.08650294304154107,0.12764138316588428,0.016626192331453016,0.14285714285714285,-0.09870305292051762,-0.014100436131502516
2025-01-31,2025-02-28,US,STOCK,GS,Goldman Sachs,Financials,0.07804902303580635,0.15838425528567232,0.008359563061847153,0.14285714285714285,-0.023460703851422626,-0.0033515291216318034
2025-01-31,2025-02-28,KR,ETF,379800,379800,ETF,0.04047788363059214,,0.0043984769756238995,0.14285714285714285,-0.04618046971569845,-0.006597209959385492
2025-01-31,2025-02-28,KR,ETF,360750,360750,ETF,0.03792789530357739,,0.004542485311153532,0.14285714285714285,-0.040754202635165826,-0.005822028947880832
2025-02-28,2025-03-31,KR,STOCK,003230,삼양식품,Consumer Staples,0.30560436566260885,0.06511053994257433,0.014780112001830492,0.1875,0.0,0.0
2025-02-28,2025-03-31,US,STOCK,FOX,21st Century Fox,,0.10787462734644701,0.21003268208127776,0.008382666870898947,0.1875,-0.02012375858942006,-0.0037732047355162612
2025-02-28,2025-03-31,US,STOCK,FOXA,21st Century Fox,,0.10574616065745358,0.20811579298411687,0.008290986322534,0.1875,-0.012619179214890974,-0.0023660961027920577
2025-02-28,2025-03-31,US,STOCK,GILD,Gilead,Health Care,0.10012846141267635,0.23504525024009348,0.009056611726373065,0.1875,-0.012891000152693621,-0.002417062528630054
2025-03-31,2025-04-30,US,STOCK,GILD,Gilead,Health Care,0.0713785768149027,0.18916178206293205,0.009459731281880934,0.2,-0.04917446088336208,-0.009834892176672418
2025-03-31,2025-04-30,US,STOCK,CVS,CVS Health,Health Care,0.04886548154249856,0.14779990442131521,0.009744629640960012,0.2,-0.005199555566362979,-0.0010399111132725959
2025-03-31,2025-04-30,US,STOCK,V,Visa,Financials,0.040717263631796105,0.12704719744980528,0.006739870123383729,0.2,-0.014153008369649278,-0.002830601673929856
2025-03-31,2025-04-30,US,STOCK,BRK.B,Berkshire Hathaway,Financials,0.04064790072479728,0.12111560668699958,0.006901188014356574,0.2,0.0012579948339352942,0.00025159896678705884
2025-03-31,2025-04-30,US,STOCK,AIG,AIG,Financials,0.038782876912215346,0.1599090840852574,0.007406935927533498,0.2,-0.06234190654371308,-0.012468381308742615
2025-04-30,2025-05-30,US,STOCK,PLTR,Palantir Technologies,Information Technology,0.3925197947285459,0.5214111978820621,0.035536719821356755,0.2,0.11263083470882318,0.02252616694176464
2025-04-30,2025-05-30,US,STOCK,GEV,GE Vernova,Industrials,0.10577086311637891,0.051299169864461924,0.029136768915105082,0.2,0.2754975125403958,0.05509950250807916
2025-04-30,2025-05-30,US,STOCK,BRK.B,Berkshire Hathaway,Financials,0.039688320143050376,0.12476989309015141,0.0068810494049029725,0.2,-0.054927348419919086,-0.010985469683983819
2025-04-30,2025-05-30,US,STOCK,AVGO,Broadcom,Information Technology,0.034037099076594315,-0.01939927616894882,0.02378298567690451,0.2,0.2577025468593732,0.05154050937187465
2025-04-30,2025-05-30,US,STOCK,UBER,Uber,Industrials,0.03355135581092693,0.04889366798618894,0.016795701971707988,0.2,0.038884106194463586,0.007776821238892718
2025-05-30,2025-06-30,US,STOCK,PLTR,Palantir Technologies,Information Technology,0.38791121419149177,0.39754345644058275,0.029924025210770866,0.2,0.03445142348593744,0.006890284697187488
2025-05-30,2025-06-30,US,STOCK,GEV,GE Vernova,Industrials,0.16067540291782473,0.20682228935681218,0.024085673263074536,0.2,0.11875763231857905,0.02375152646371581
2025-05-30,2025-06-30,US,STOCK,AVGO,Broadcom,Information Technology,0.10171677599266668,0.1670948214319844,0.019563148767891003,0.2,0.14140023553875491,0.028280047107750984
2025-05-30,2025-06-30,US,STOCK,GE,GE,Industrials,0.0764121382705526,0.13990921994236954,0.012498085057592534,0.2,0.04668380626288715,0.00933676125257743
2025-05-30,2025-06-30,US,STOCK,BA,Boeing,Industrials,0.05637859439442702,0.13430310842157,0.013157386866864185,0.2,0.010659807915316177,0.0021319615830632356
2025-06-30,2025-07-31,US,STOCK,PLTR,Palantir Technologies,Information Technology,0.33174353621724595,0.29692068192855914,0.024533344560998094,0.16666666666666666,0.16160502931093235,0.026934171551822057
2025-06-30,2025-07-31,US,STOCK,GEV,GE Vernova,Industrials,0.19883057838611684,0.31823024273796763,0.01711851584078805,0.16666666666666666,0.24837462254089493,0.041395770423482484
2025-06-30,2025-07-31,US,STOCK,ORCL,Oracle,Information Technology,0.1101293776497865,0.3267856673760478,0.013348333880599528,0.16666666666666666,0.16319450225238463,0.02719908370873077
2025-06-30,2025-07-31,US,STOCK,AVGO,Broadcom,Information Technology,0.10390476286515048,0.19900512249712338,0.014927057198211413,0.16666666666666666,0.0654816885965277,0.010913614766087949
2025-06-30,2025-07-31,US,STOCK,GE,GE,Industrials,0.09289856129155882,0.21988304852965435,0.0074088888460290825,0.16666666666666666,0.054725713486780014,0.009120952247796668
2025-06-30,2025-07-31,KR,ETF,069500,069500,ETF,0.046895222489001104,,0.007822669979522523,0.16666666666666666,0.05757707548081559,0.009596179246802597
2025-07-31,2025-08-29,US,STOCK,PLTR,Palantir Technologies,Information Technology,0.35213351160459,0.3298652924964081,0.014730290427896087,0.125,-0.01035680029324626,-0.0012946000366557825
2025-07-31,2025-08-29,US,STOCK,GEV,GE Vernova,Industrials,0.2814993726612476,0.41320540255114196,0.013848866870269205,0.125,-0.07166560624831642,-0.008958200781039552
2025-07-31,2025-08-29,US,STOCK,ORCL,Oracle,Information Technology,0.15445569278164212,0.3456136922734555,0.012081007790550546,0.125,-0.10891748637209586,-0.013614685796511983
2025-07-31,2025-08-29,US,STOCK,AVGO,Broadcom,Information Technology,0.12637924049121899,0.23276118342444313,0.011796796769824924,0.125,0.012563883379480778,0.0015704854224350973
2025-07-31,2025-08-29,US,STOCK,AMD,AMD,Information Technology,0.12636216320507834,0.3405320351122264,0.017639647152624005,0.125,-0.07759056698548772,-0.009698820873185965
2025-07-31,2025-08-29,KR,ETF,069500,069500,ETF,0.05239262848762129,,0.005115017419706547,0.125,-0.016494939571862655,-0.002061867446482832
2025-07-31,2025-08-29,KR,ETF,360750,360750,ETF,0.01964073132916807,,0.005254270632128466,0.125,0.013994910941475869,0.0017493638676844836
2025-07-31,2025-08-29,KR,ETF,379800,379800,ETF,0.0195162964155512,,0.0049328482611840085,0.125,0.014528808836700158,0.0018161011045875197
2025-08-29,2025-09-30,US,STOCK,PLTR,Palantir Technologies,Information Technology,0.28114378547458746,0.2517819982865295,0.018147033350998987,0.125,0.1640609428472639,0.02050761785590799
2025-08-29,2025-09-30,US,STOCK,GEV,GE Vernova,Industrials,0.19647850608828318,0.2624728561687326,0.013096979444338519,0.125,0.0031487443824433914,0.0003935930478054239
2025-08-29,2025-09-30,US,STOCK,AVGO,Broadcom,Information Technology,0.09861113840649711,0.1703243875576863,0.013771880207245735,0.125,0.11125202505141818,0.013906503131427272
2025-08-29,2025-09-30,US,STOCK,AMD,AMD,Information Technology,0.08244695244231527,0.2610534103098967,0.01880320458092588,0.125,-0.00516516984233617,-0.0006456462302920213
2025-08-29,2025-09-30,US,STOCK,C,Citigroup,Financials,0.07126579521350637,0.12825282279962763,0.009643081401548903,0.125,0.05105104073504352,0.00638138009188044
2025-08-29,2025-09-30,KR,ETF,069500,069500,ETF,0.040997266099360094,,0.0059132694615715575,0.125,0.10265046807126765,0.012831308508908457
2025-08-29,2025-09-30,KR,ETF,360750,360750,ETF,0.023176575889228897,,0.004398686432343646,0.125,0.03589352930632739,0.0044866911632909234
2025-08-29,2025-09-30,KR,ETF,379800,379800,ETF,0.02274466840136076,,0.004414323981284607,0.125,0.03545855811672394,0.004432319764590492
2025-09-30,2025-10-31,US,STOCK,PLTR,Palantir Technologies,Information Technology,0.3208498662305982,0.38324198170675744,0.0157611422869669,0.1,0.09894750155101462,0.009894750155101462
2025-09-30,2025-10-31,US,STOCK,MU,Micron Technology,Information Technology,0.1452530654426672,0.3873247535069385,0.01877029129044494,0.1,0.3382149634715319,0.033821496347153195
2025-09-30,2025-10-31,US,STOCK,ORCL,Oracle,Information Technology,0.14498344269127275,0.5233199985334183,0.011954258761852188,0.1,-0.06462198651118367,-0.006462198651118367
2025-09-30,2025-10-31,US,STOCK,AVGO,Broadcom,Information Technology,0.1411024728846145,0.38159561881635734,0.013046909669053641,0.1,0.12039643568592173,0.012039643568592174
2025-09-30,2025-10-31,US,STOCK,LRCX,Lam Research,Information Technology,0.13950792179993515,0.31556289051348657,0.01059063065105681,0.1,0.17595224335264725,0.017595224335264725
2025-09-30,2025-10-31,KR,ETF,069500,069500,ETF,0.06522297004888047,,0.006020289380121668,0.1,0.22362433639504498,0.0223624336395045
2025-09-30,2025-10-31,KR,ETF,360750,360750,ETF,0.031814410245083025,,0.004013255805021876,0.1,0.04754077086127095,0.004754077086127096
2025-09-30,2025-10-31,KR,ETF,379800,379800,ETF,0.031677123039492563,,0.0036839033841302715,0.1,0.04779046085350269,0.00477904608535027
2025-10-31,2025-11-28,US,STOCK,MU,Micron Technology,Information Technology,0.2788487760100696,0.7103923512724629,0.02089902931002674,0.1,0.05679937791410916,0.005679937791410916
2025-10-31,2025-11-28,US,STOCK,PLTR,Palantir Technologies,Information Technology,0.2412418668783357,0.21521038608342935,0.017155135149793055,0.1,-0.15972466741898805,-0.015972466741898807
2025-10-31,2025-11-28,US,STOCK,AMD,AMD,Information Technology,0.20556136118092025,0.5965894496720202,0.014547005173533911,0.1,-0.15067154878022626,-0.015067154878022626
2025-10-31,2025-11-28,US,STOCK,INTC,Intel,Information Technology,0.19018145927670632,0.48826675093619776,0.024040007638279848,0.1,0.014253555161292786,0.0014253555161292788
2025-10-31,2025-11-28,US,STOCK,LRCX,Lam Research,Information Technology,0.18458508892564462,0.4258955767466324,0.016610263061058395,0.1,-0.00927219791547318,-0.000927219791547318
2025-10-31,2025-11-28,KR,ETF,069500,069500,ETF,0.125220268267196,,0.007734129461259287,0.1,-0.042904119966255205,-0.004290411996625521
2025-10-31,2025-11-28,KR,ETF,379800,379800,ETF,0.04277585253878257,,0.003422303185971698,0.1,0.029246903534942525,0.0029246903534942527
2025-10-31,2025-11-28,KR,ETF,360750,360750,ETF,0.04276737916964588,,0.003438739695091453,0.1,0.027998017839445,0.0027998017839445002
2025-11-28,2026-01-30,US,STOCK,MU,Micron Technology,Information Technology,0.252994892107752,0.6138719826591567,0.027667673049285524,0.1,0.7551065909831041,0.07551065909831041
2025-11-28,2026-01-30,US,STOCK,LRCX,Lam Research,Information Technology,0.16801020543120507,0.3594919416649866,0.018597314408280496,0.1,0.4990023147553244,0.04990023147553244
2025-11-28,2026-01-30,US,STOCK,INTC,Intel,Information Technology,0.16112980226144788,0.4292580898508402,0.02332903884165949,0.1,0.14571005047608,0.014571005047607999
2025-11-28,2026-01-30,US,STOCK,AVGO,Broadcom,Information Technology,0.15279566258122831,0.25718228985513947,0.017885201729799793,0.1,-0.17626094954107596,-0.017626094954107597
2025-11-28,2026-01-30,US,STOCK,AMAT,Applied Materials,Information Technology,0.11577570258141487,0.2973027617815608,0.01911576525573455,0.1,0.27778001199694935,0.027778001199694938
2025-11-28,2026-01-30,KR,ETF,069500,069500,ETF,0.10219930693069235,,0.010804072246943797,0.1,0.3906027954165243,0.039060279541652435
2025-11-28,2026-01-30,KR,ETF,360750,360750,ETF,0.039473108562541506,,0.0038755284279244906,0.1,-0.008797300554350462,-0.0008797300554350463
2025-11-28,2026-01-30,KR,ETF,379800,379800,ETF,0.03939157027167131,,0.003860660821752515,0.1,-0.009618340726426311,-0.0009618340726426311
2026-01-30,2026-02-27,KR,ETF,069500,069500,ETF,0.16394745060713392,,0.009796460296863652,0.125,0.21751503783713866,0.027189379729642332
2026-01-30,2026-02-27,KR,ETF,0000J0,0000J0,ETF,0.1297464690165306,,0.01692388599889194,0.125,0.17445907096383717,0.021807383870479646
2026-01-30,2026-02-27,US,STOCK,LMT,Lockheed Martin,Industrials,0.10026259513700689,0.3057417256759131,0.010746579230012432,0.125,0.037621032478328154,0.004702629059791019
2026-01-30,2026-02-27,US,STOCK,CAT,Caterpillar,Industrials,0.08934047946311952,0.1580322341921087,0.011303142536516653,0.125,0.1300201315000502,0.016252516437506276
2026-01-30,2026-02-27,US,STOCK,GEV,GE Vernova,Industrials,0.08508037304375377,0.09013373232402166,0.01632634371864594,0.125,0.20269279735226875,0.025336599669033594
2026-01-30,2026-02-27,US,STOCK,JNJ,Johnson & Johnson,Health Care,0.07918786596117353,0.17403800227128666,0.005432803833801625,0.125,0.09901290651513017,0.012376613314391272
2026-01-30,2026-02-27,KR,ETF,0000Z0,0000Z0,ETF,0.07457534643065288,,0.017606036682341952,0.125,0.09788519637462234,0.012235649546827793
2026-01-30,2026-02-27,US,STOCK,FDX,FedEx,Industrials,0.07202607419041275,0.2118343527888375,0.007886138772138618,0.125,0.20093098218573058,0.025116372773216322
